{"cameraMode":{"drawMode":0,"name":"Shaded","section":"Shading Mode"},"sceneLighting":true,"audioPlay":false,"sceneViewState":{"m_AlwaysRefresh":false,"showFog":true,"showSkybox":true,"showFlares":true,"showImageEffects":true,"showParticleSystems":true,"showVisualEffectGraphs":true,"m_FxEnabled":true},"in2DMode":false,"pivot":{"x":-280.20477294921877,"y":45.71055603027344,"z":137.39437866210938},"rotation":{"x":-0.05705641582608223,"y":-0.5320903062820435,"z":-0.03597082197666168,"w":0.8439996242523193},"size":165.81320190429688,"orthographic":false}