{"cameraMode":{"drawMode":0,"name":"Shaded","section":"Shading Mode"},"sceneLighting":false,"audioPlay":false,"sceneViewState":{"m_AlwaysRefresh":false,"showFog":true,"showSkybox":false,"showFlares":true,"showImageEffects":true,"showParticleSystems":true,"showVisualEffectGraphs":true,"m_FxEnabled":true},"in2DMode":false,"pivot":{"x":1.0098034143447877,"y":0.8617528080940247,"z":-0.2611018419265747},"rotation":{"x":-0.01191284041851759,"y":0.5058442950248718,"z":-0.0069835372269153599,"w":-0.8625243902206421},"size":0.6149798631668091,"orthographic":false}