{"cameraMode":{"drawMode":0,"name":"Shaded","section":"Shading Mode"},"sceneLighting":false,"audioPlay":false,"sceneViewState":{"m_AlwaysRefresh":false,"showFog":true,"showSkybox":true,"showFlares":true,"showImageEffects":true,"showParticleSystems":true,"showVisualEffectGraphs":true,"m_FxEnabled":true},"in2DMode":false,"pivot":{"x":0.07053714990615845,"y":0.4140165448188782,"z":-3.1560845375061037},"rotation":{"x":0.05182858556509018,"y":-0.6755533814430237,"z":0.04770564287900925,"w":0.7339367270469666},"size":0.395902156829834,"orthographic":false}