{"cameraMode":{"drawMode":0,"name":"Shaded","section":"Shading Mode"},"sceneLighting":false,"audioPlay":false,"sceneViewState":{"m_AlwaysRefresh":false,"showFog":true,"showSkybox":true,"showFlares":true,"showImageEffects":true,"showParticleSystems":true,"showVisualEffectGraphs":true,"m_FxEnabled":true},"in2DMode":false,"pivot":{"x":903.4104614257813,"y":308.5981750488281,"z":-129.5790252685547},"rotation":{"x":-0.14516045153141023,"y":0.04244322329759598,"z":-0.006231854669749737,"w":-0.9884856939315796},"size":138.12403869628907,"orthographic":false}