{"cameraMode":{"drawMode":0,"name":"Shaded","section":"Shading Mode"},"sceneLighting":false,"audioPlay":false,"sceneViewState":{"m_AlwaysRefresh":false,"showFog":true,"showSkybox":true,"showFlares":true,"showImageEffects":true,"showParticleSystems":true,"showVisualEffectGraphs":true,"m_FxEnabled":true},"in2DMode":false,"pivot":{"x":-6.060508728027344,"y":2.4760756492614748,"z":4.37767219543457},"rotation":{"x":0.17158322036266328,"y":0.026596052572131158,"z":-0.004633873235434294,"w":0.9847994446754456},"size":2.713226318359375,"orthographic":false}