{"cameraMode":{"drawMode":0,"name":"Shaded","section":"Shading Mode"},"sceneLighting":false,"audioPlay":false,"sceneViewState":{"m_AlwaysRefresh":false,"showFog":true,"showSkybox":true,"showFlares":true,"showImageEffects":true,"showParticleSystems":true,"showVisualEffectGraphs":true,"m_FxEnabled":true},"in2DMode":false,"pivot":{"x":508.9956970214844,"y":450.1322021484375,"z":8.83123779296875},"rotation":{"x":0.016499193385243417,"y":-0.004499369766563177,"z":0.00007425354124279693,"w":0.9998525977134705},"size":405.9227294921875,"orthographic":false}