{"cameraMode":{"drawMode":0,"name":"Shaded","section":"Shading Mode"},"sceneLighting":false,"audioPlay":false,"sceneViewState":{"m_AlwaysRefresh":false,"showFog":true,"showSkybox":true,"showFlares":true,"showImageEffects":true,"showParticleSystems":true,"showVisualEffectGraphs":true,"m_FxEnabled":true},"in2DMode":false,"pivot":{"x":3.0082027912139894,"y":6.969613075256348,"z":-9.977619171142579},"rotation":{"x":0.17431695759296418,"y":-0.056094177067279819,"z":0.009946736507117749,"w":0.9830394387245178},"size":0.395902156829834,"orthographic":false}