{"cameraMode":{"drawMode":0,"name":"Shaded","section":"Shading Mode"},"sceneLighting":true,"audioPlay":false,"sceneViewState":{"m_AlwaysRefresh":false,"showFog":true,"showSkybox":true,"showFlares":true,"showImageEffects":true,"showParticleSystems":true,"showVisualEffectGraphs":true,"m_FxEnabled":true},"in2DMode":false,"pivot":{"x":-1.5554242134094239,"y":2.2978477478027345,"z":0.2547173500061035},"rotation":{"x":-0.10213936120271683,"y":-0.8867651224136353,"z":0.23571796715259553,"w":-0.38424864411354067},"size":1.9125988483428956,"orthographic":false}