{"cameraMode":{"drawMode":0,"name":"Shaded","section":"Shading Mode"},"sceneLighting":false,"audioPlay":false,"sceneViewState":{"m_AlwaysRefresh":false,"showFog":true,"showSkybox":true,"showFlares":true,"showImageEffects":true,"showParticleSystems":true,"showVisualEffectGraphs":true,"m_FxEnabled":true},"in2DMode":false,"pivot":{"x":49.74271774291992,"y":-2.206838846206665,"z":-135.12924194335938},"rotation":{"x":-0.004031123593449593,"y":-0.9859367609024048,"z":0.023970535025000573,"w":-0.16539552807807923},"size":70.75484466552735,"orthographic":false}