{"cameraMode":{"drawMode":0,"name":"Shaded","section":"Shading Mode"},"sceneLighting":false,"audioPlay":false,"sceneViewState":{"m_AlwaysRefresh":false,"showFog":true,"showSkybox":true,"showFlares":true,"showImageEffects":true,"showParticleSystems":true,"showVisualEffectGraphs":true,"m_FxEnabled":true},"in2DMode":false,"pivot":{"x":560.544189453125,"y":375.445556640625,"z":-4.508575439453125},"rotation":{"x":0.016499193385243417,"y":-0.004499369766563177,"z":0.00007425354124279693,"w":0.9998525977134705},"size":473.7240295410156,"orthographic":false}