{"cameraMode":{"drawMode":0,"name":"Shaded","section":"Shading Mode"},"sceneLighting":false,"audioPlay":false,"sceneViewState":{"m_AlwaysRefresh":false,"showFog":true,"showSkybox":false,"showFlares":true,"showImageEffects":true,"showParticleSystems":true,"showVisualEffectGraphs":true,"m_FxEnabled":true},"in2DMode":false,"pivot":{"x":0.010629057884216309,"y":0.950415849685669,"z":0.08381253480911255},"rotation":{"x":0.016499193385243417,"y":-0.004499369766563177,"z":0.00007425354124279693,"w":0.9998525977134705},"size":0.995233952999115,"orthographic":false}