{"cameraMode":{"drawMode":0,"name":"Shaded","section":"Shading Mode"},"sceneLighting":false,"audioPlay":false,"sceneViewState":{"m_AlwaysRefresh":false,"showFog":true,"showSkybox":false,"showFlares":true,"showImageEffects":true,"showParticleSystems":true,"showVisualEffectGraphs":true,"m_FxEnabled":true},"in2DMode":false,"pivot":{"x":0.0000010132789611816407,"y":1.1395869255065919,"z":0.15922583639621736},"rotation":{"x":-0.01991107128560543,"y":-0.9739957451820374,"z":0.2048618346452713,"w":-0.0946691557765007},"size":1.594307541847229,"orthographic":false}