{"cameraMode":{"drawMode":0,"name":"Shaded","section":"Shading Mode"},"sceneLighting":false,"audioPlay":false,"sceneViewState":{"m_AlwaysRefresh":false,"showFog":true,"showSkybox":false,"showFlares":true,"showImageEffects":true,"showParticleSystems":true,"showVisualEffectGraphs":true,"m_FxEnabled":true},"in2DMode":false,"pivot":{"x":-0.028254568576812745,"y":0.7096410393714905,"z":0.007444888353347778},"rotation":{"x":-0.01991107128560543,"y":-0.9739957451820374,"z":0.2048618346452713,"w":-0.0946691557765007},"size":1.0059301853179932,"orthographic":false}