{"cameraMode":{"drawMode":0,"name":"Shaded","section":"Shading Mode"},"sceneLighting":false,"audioPlay":false,"sceneViewState":{"m_AlwaysRefresh":false,"showFog":true,"showSkybox":false,"showFlares":true,"showImageEffects":true,"showParticleSystems":true,"showVisualEffectGraphs":true,"m_FxEnabled":true},"in2DMode":false,"pivot":{"x":1.1920928955078126e-7,"y":0.30079978704452517,"z":0.000017210841178894043},"rotation":{"x":-0.01991107128560543,"y":-0.9739957451820374,"z":0.2048618346452713,"w":-0.0946691557765007},"size":0.5169141888618469,"orthographic":false}