{"cameraMode":{"drawMode":0,"name":"Shaded","section":"Shading Mode"},"sceneLighting":false,"audioPlay":false,"sceneViewState":{"m_AlwaysRefresh":false,"showFog":true,"showSkybox":false,"showFlares":true,"showImageEffects":true,"showParticleSystems":true,"showVisualEffectGraphs":true,"m_FxEnabled":true},"in2DMode":false,"pivot":{"x":-5.960464477539063e-8,"y":0.46985697746276858,"z":0.029172956943511964},"rotation":{"x":-0.01991107128560543,"y":-0.9739957451820374,"z":0.2048618346452713,"w":-0.0946691557765007},"size":1.0998917818069459,"orthographic":false}